Workbook

Sheet Products
A1: ProductID | B1: Product | C1: Price
A2: 101 | B2: Product A | C2: 120
A3: 102 | B3: Product B | C3: 150
A4: 103 | B4: Product C | C4: 200
A5: 104 | B5: Product D | C5: 90
A6: 105 | B6: Product E | C6: 220
A7: 106 | B7: Product F | C7: 130

Sheet Orders
A1: OrderID | B1: ProductID | C1: Quantity | D1: ProductName | E1: UnitPrice | F1: TotalPrice | G1: DiscountedPrice | H1: Exists?
A2: 1 | B2: 101 | C2: 2 | D2: =VLOOKUP(B2,Products!A2:C7,2) -> Product A | E2: =VLOOKUP(B2,Products!A2:C7,3) -> 120 | F2: =C2*E2 -> 240 | G2: =E2*90% -> 108 | H2: =IF(ISNA(VLOOKUP(Orders!B2,Products!A2:C7,1)),"not exist","exist") -> exist
A3: 2 | B3: 103 | C3: 1 | D3: =VLOOKUP(B3,Products!A3:C8,2) -> Product C | E3: =VLOOKUP(B3,Products!A3:C8,3) -> 200 | F3: =C3*E3 -> 200 | G3: =E3*90% -> 180 | H3: =IF(ISNA(VLOOKUP(Orders!B3,Products!A3:C8,1)),"not exist","exist") -> exist
A4: 3 | B4: 105 | C4: 4 | D4: =VLOOKUP(B4,Products!A4:C9,2) -> Product E | E4: =VLOOKUP(B4,Products!A4:C9,3) -> 220 | F4: =C4*E4 -> 880 | G4: =E4*90% -> 198 | H4: =IF(ISNA(VLOOKUP(Orders!B4,Products!A4:C9,1)),"not exist","exist") -> exist
A5: 4 | B5: 106 | C5: 3 | D5: =VLOOKUP(B5,Products!A5:C10,2) -> Product F | E5: =VLOOKUP(B5,Products!A5:C10,3) -> 130 | F5: =C5*E5 -> 390 | G5: =E5*90% -> 117 | H5: =IF(ISNA(VLOOKUP(Orders!B5,Products!A5:C10,1)),"not exist","exist") -> exist
A6: 5 | B6: 102 | C6: 5 | D6: =VLOOKUP(B6,Products!A2:C7,2) -> Product B | E6: =VLOOKUP(B6,Products!A2:C7,3) -> 150 | F6: =C6*E6 -> 750 | G6: =E6*90% -> 135 | H6: =IF(ISNA(VLOOKUP(Orders!B6,Products!A2:C7,1)),"not exist","exist") -> exist
A7: 6 | B7: 104 | C7: 6 | D7: =VLOOKUP(B7,Products!A2:C7,2) -> Product D | E7: =VLOOKUP(B7,Products!A2:C7,3) -> 90 | F7: =C7*E7 -> 540 | G7: =E7*90% -> 81 | H7: =IF(ISNA(VLOOKUP(Orders!B7,Products!A2:C7,1)),"not exist","exist") -> exist
F8: =MAX(F2:F7) -> 880
A10: 1. Use VLOOKUP to find the product names for each ProductID in the Orders worksheet.
A11: 2. Use VLOOKUP to find the price for each ProductID in the Orders worksheet, then calculate the TotalPrice by multiplying the Quantity by the Product Price.
A12: 3. Use VLOOKUP to check if there are any ProductIDs in the Orders worksheet that do not exist in the Products worksheet.
A13: 4. Assume a discount of 10% is given on all products. Use VLOOKUP to find the original price and then calculate the discounted price.
A14: 5. Use VLOOKUP to find the price for each ProductID and then calculate the order value. Find the maximum order value from the list.
A15: 6. Use VLOOKUP to find out which products from the Products worksheet have not been ordered.
A16: 7. Use VLOOKUP to find the Product name and summarize the total quantity sold for each product.

Sheet Analysis
A1: Task : | B1: Result
A2: Maximum Order Value : | B2: =MAX(Orders!F2:F7) -> 880
A3: Product not Orderd : | B3: all product have been ordered

Sheet Product Summary
A1: ProductID | B1: ProductName | C1: Total Quantity Sold
A2: =Orders!B2:B7 -> 101 | B2: =Orders!D2:D7 -> Product A | C2: =SUMIF(Orders!B2:B7,A2,Orders!C2:C7) -> 2
A3: =Orders!B3:B8 -> 103 | B3: =Orders!D3:D8 -> Product C | C3: =SUMIF(Orders!B3:B8,A3,Orders!C3:C8) -> 1
A4: =Orders!B4:B9 -> 105 | B4: =Orders!D4:D9 -> Product E | C4: =SUMIF(Orders!B4:B9,A4,Orders!C4:C9) -> 4
A5: =Orders!B5:B10 -> 106 | B5: =Orders!D5:D10 -> Product F | C5: =SUMIF(Orders!B5:B10,A5,Orders!C5:C10) -> 3
A6: =Orders!B6:B11 -> 102 | B6: =Orders!D6:D11 -> Product B | C6: =SUMIF(Orders!B6:B11,A6,Orders!C6:C11) -> 5
A7: =Orders!B7:B12 -> 104 | B7: =Orders!D7:D12 -> Product D | C7: =SUMIF(Orders!B7:B12,A7,Orders!C7:C12) -> 6
